"Transaction Hash","Status","Type","Method ","Block","Age","From","From_NameTag","To","To_NameTag","Amount","Value (USD) ","Asset","Txn Fee"
"0x07ff53ae380dc56437a82f9d8acc8971ef6972ac5753323a863fca7b9fa49376","Success","ERC-20","Supply","25304256","1 min ago","0xA30FD5C8E09987F99A99825bB9223288F4F142C2"," ","0x23878914efe38d27c4d67ab83ed1b93a74d4086a"," Aave: Ethereum USDT","1.796889","$1.80","Tether USD(USDT)","0.00009694"
"0x07ff53ae380dc56437a82f9d8acc8971ef6972ac5753323a863fca7b9fa49376","Success","Tx","Supply","25304256","1 min ago","0xA30FD5C8E09987F99A99825bB9223288F4F142C2"," ","0x87870bca3f3fd6335c3f4ce8392d69350b4fa4e2"," Aave: Pool V3","0","$0.00","Ethereum(ETH)","0.00009694"
"0x07ff53ae380dc56437a82f9d8acc8971ef6972ac5753323a863fca7b9fa49376","Success","ERC-20","Supply","25304256","1 min ago","0x0000000000000000000000000000000000000000","CSB1.eth","0xA30FD5C8E09987F99A99825bB9223288F4F142C2"," ","1.798396","$1.80","Aave Ethereum USDT(aEthUSDT)","0.00009694"
"0x13c1ca89a49f424c0dc29194f7e5a844af5726172ebf618557ba8e93f1df82f4","Success","ERC-20","Supply","25304250","2 mins ago","0x0000000000000000000000000000000000000000","CSB1.eth","0x965Cf7e7D50b6F38378D8E4e712f1E796C0b9d9C"," ","152,177.530066","$0.00","Aave Ethereum USDe(aEthUSDe)","0.00030887"
"0x13c1ca89a49f424c0dc29194f7e5a844af5726172ebf618557ba8e93f1df82f4","Success","ERC-20","Supply","25304250","2 mins ago","0x965Cf7e7D50b6F38378D8E4e712f1E796C0b9d9C"," ","0x4f5923fc5fd4a93352581b38b7cd26943012decf"," Aave: aEthUSDe Token","152,177.530066","$152,091.25","USDe(USDe)","0.00030887"
"0x13c1ca89a49f424c0dc29194f7e5a844af5726172ebf618557ba8e93f1df82f4","Success","Tx","Supply","25304250","2 mins ago","0x965Cf7e7D50b6F38378D8E4e712f1E796C0b9d9C"," ","0x87870bca3f3fd6335c3f4ce8392d69350b4fa4e2"," Aave: Pool V3","0","$0.00","Ethereum(ETH)","0.00030887"
"0x92d07f8dd27241797dc619f4cfe3f07e76c983be6d533800af990483b4885d0c","Success","ERC-20","Supply","25304234","6 mins ago","0x0000000000000000000000000000000000000000","CSB1.eth","0xa6235eAC28d7D4b2B8c17e78a3407919F373b7B5"," ","0.069147","$4,396.85","Aave Ethereum WBTC(aEthWBTC)","0.000039"
"0x92d07f8dd27241797dc619f4cfe3f07e76c983be6d533800af990483b4885d0c","Success","ERC-20","Supply","25304234","6 mins ago","0xa6235eAC28d7D4b2B8c17e78a3407919F373b7B5"," ","0x5ee5bf7ae06d1be5997a1a72006fe6c607ec6de8"," Aave: Ethereum WBTC V3","0.069147","$4,381.77","Wrapped BTC(WBTC)","0.000039"
"0x92d07f8dd27241797dc619f4cfe3f07e76c983be6d533800af990483b4885d0c","Success","Tx","Supply","25304234","6 mins ago","0xa6235eAC28d7D4b2B8c17e78a3407919F373b7B5"," ","0x87870bca3f3fd6335c3f4ce8392d69350b4fa4e2"," Aave: Pool V3","0","$0.00","Ethereum(ETH)","0.000039"
"0x58e75add3850155654a764cd86388b6dd3a1a57657ea5c74f4c893b90c7485a0","Success","ERC-20","Deposit ETH","25304230","7 mins ago","0x0000000000000000000000000000000000000000","CSB1.eth","0x74c8EAfb8A55b41c32437907EfD9E293D39bB398"," ","0.000369","$0.6167","Aave Ethereum WETH(aEthWETH)","0.00002076"
"0x58e75add3850155654a764cd86388b6dd3a1a57657ea5c74f4c893b90c7485a0","Success","ERC-20","Deposit ETH","25304230","7 mins ago","0xd01607c3c5ecaba394d8be377a08590149325722","Aave: ETH Staking Contract","0x4d5f47fa6a74757f35c14fd3a6ef8e3c9bc514e8"," Aave: Ethereum WETH V3","0.00037","$0.6154","Wrapped Ether(WETH)","0.00002076"
"0x58e75add3850155654a764cd86388b6dd3a1a57657ea5c74f4c893b90c7485a0","Success","Tx","Deposit ETH","25304230","7 mins ago","0x74c8EAfb8A55b41c32437907EfD9E293D39bB398"," ","0xd01607c3c5ecaba394d8be377a08590149325722"," Aave: ETH Staking Contract","0.00037","$0.6154","Ethereum(ETH)","0.00002076"
"0x58e75add3850155654a764cd86388b6dd3a1a57657ea5c74f4c893b90c7485a0","Success","Internal Tx","Deposit ETH","25304230","7 mins ago","0xd01607c3c5ecaba394d8be377a08590149325722","Aave: ETH Staking Contract","0xc02aaa39b223fe8d0a0e5c4f27ead9083c756cc2"," Jdssk.uni.eth","0.00037","$0.6154","Ethereum(ETH)","0.00002076"
"0xf3cbb7d8461986ee4961a3badee3171d1c325e89ada97f83a96165ff8c1af7c6","Success","ERC-20","Supply","25304228","7 mins ago","0x0000000000000000000000000000000000000000","CSB1.eth","0x403EC44a1ffb8652fb4fB67a36C228B6dc68D783"," ","0.005292","$336.54","Aave Ethereum WBTC(aEthWBTC)","0.0000938"
"0xf3cbb7d8461986ee4961a3badee3171d1c325e89ada97f83a96165ff8c1af7c6","Success","ERC-20","Supply","25304228","7 mins ago","0x403EC44a1ffb8652fb4fB67a36C228B6dc68D783"," ","0x5ee5bf7ae06d1be5997a1a72006fe6c607ec6de8"," Aave: Ethereum WBTC V3","0.005291","$335.34","Wrapped BTC(WBTC)","0.0000938"
"0x831a05070e9b040988a86632e2441c1422e97fa2ee7f5cdf3ce182c125d64694","Success","ERC-20","Supply","25304228","7 mins ago","0x0000000000000000000000000000000000000000","CSB1.eth","0xD80946B378c491F8A503f9810c1a939B43573C92"," ","97.614282","$97.58","Aave Ethereum USDC(aEthUSDC)","0.00035087"
"0x831a05070e9b040988a86632e2441c1422e97fa2ee7f5cdf3ce182c125d64694","Success","ERC-20","Supply","25304228","7 mins ago","0xD80946B378c491F8A503f9810c1a939B43573C92"," ","0x98c23e9d8f34fefb1b7bd6a91b7ff122f4e16f5c"," Aave: USDC V3","86.002721","$85.99","USDC(USDC)","0.00035087"
"0xf3cbb7d8461986ee4961a3badee3171d1c325e89ada97f83a96165ff8c1af7c6","Success","Tx","Supply","25304228","7 mins ago","0x403EC44a1ffb8652fb4fB67a36C228B6dc68D783"," ","0x87870bca3f3fd6335c3f4ce8392d69350b4fa4e2"," Aave: Pool V3","0","$0.00","Ethereum(ETH)","0.0000938"
"0x831a05070e9b040988a86632e2441c1422e97fa2ee7f5cdf3ce182c125d64694","Success","Tx","Supply","25304228","7 mins ago","0xD80946B378c491F8A503f9810c1a939B43573C92"," ","0x87870bca3f3fd6335c3f4ce8392d69350b4fa4e2"," Aave: Pool V3","0","$0.00","Ethereum(ETH)","0.00035087"
"0x2bb810dbe60ea1924c633133754f197c12fff780049ab55686b026a1ba130b2c","Success","Tx","Supply","25304226","7 mins ago","0xa6235eAC28d7D4b2B8c17e78a3407919F373b7B5"," ","0x87870bca3f3fd6335c3f4ce8392d69350b4fa4e2"," Aave: Pool V3","0","$0.00","Ethereum(ETH)","0.00003499"
"0x2bb810dbe60ea1924c633133754f197c12fff780049ab55686b026a1ba130b2c","Success","ERC-20","Supply","25304226","7 mins ago","0xa6235eAC28d7D4b2B8c17e78a3407919F373b7B5"," ","0x5e8c8a7243651db1384c0ddfdbe39761e8e7e51a"," Aave: Ethereum LINK V3","1,106.405143","$8,663.15","ChainLink Token(LINK)","0.00003499"
"0x2bb810dbe60ea1924c633133754f197c12fff780049ab55686b026a1ba130b2c","Success","ERC-20","Supply","25304226","7 mins ago","0x0000000000000000000000000000000000000000","CSB1.eth","0xa6235eAC28d7D4b2B8c17e78a3407919F373b7B5"," ","1,106.405143","$8,685.28","Aave Ethereum LINK(aEthLINK)","0.00003499"
"0x775e7ea99694b98f590782f109e4e069b0637d210232b4c6268e0dde20c3fd62","Success","ERC-20","Supply","25304224","8 mins ago","0x1be45feF92C4E2538fEcd150757Ed62b7B3757D7"," ","0x23878914efe38d27c4d67ab83ed1b93a74d4086a"," Aave: Ethereum USDT","1,002,337.14763","$1,001,771.83","Tether USD(USDT)","0.00009828"
"0x775e7ea99694b98f590782f109e4e069b0637d210232b4c6268e0dde20c3fd62","Success","ERC-20","Supply","25304224","8 mins ago","0x0000000000000000000000000000000000000000","CSB1.eth","0x1be45feF92C4E2538fEcd150757Ed62b7B3757D7"," ","1,017,892.986748","$1,017,241.54","Aave Ethereum USDT(aEthUSDT)","0.00009828"
"0x775e7ea99694b98f590782f109e4e069b0637d210232b4c6268e0dde20c3fd62","Success","Tx","Supply","25304224","8 mins ago","0x1be45feF92C4E2538fEcd150757Ed62b7B3757D7"," ","0x87870bca3f3fd6335c3f4ce8392d69350b4fa4e2"," Aave: Pool V3","0","$0.00","Ethereum(ETH)","0.00009828"
"0x8ab9d482a6b56943a3578627fef9cf18be7d87816ca64af45dadcd0db40bedd5","Success","ERC-20","Supply","25304210","11 mins ago","0x0000000000000000000000000000000000000000","CSB1.eth","0x07E07A4E053125609CbDeb9DEAEAbA76EEbb9ADa"," ","1.441911","$91,686.82","Aave Ethereum WBTC(aEthWBTC)","0.00012426"
"0x8ab9d482a6b56943a3578627fef9cf18be7d87816ca64af45dadcd0db40bedd5","Success","ERC-20","Supply","25304210","11 mins ago","0x07E07A4E053125609CbDeb9DEAEAbA76EEbb9ADa"," ","0x5ee5bf7ae06d1be5997a1a72006fe6c607ec6de8"," Aave: Ethereum WBTC V3","1.441911","$91,372.31","Wrapped BTC(WBTC)","0.00012426"
"0x8ab9d482a6b56943a3578627fef9cf18be7d87816ca64af45dadcd0db40bedd5","Success","Tx","Supply","25304210","11 mins ago","0x07E07A4E053125609CbDeb9DEAEAbA76EEbb9ADa"," ","0x87870bca3f3fd6335c3f4ce8392d69350b4fa4e2"," Aave: Pool V3","0","$0.00","Ethereum(ETH)","0.00012426"
"0x85ead3fc176518f40ad8187a9308229525bda8e0bd812dcff72a1b51b0743820","Success","ERC-20","Deposit ETH","25304206","11 mins ago","0x3167c452fa3fa1e5c16bb83bc0fde4519c464299","Aave: Prime Market Wrapped Token Gateway V3","0xfA1fDbBD71B0aA16162D76914d69cD8CB3Ef92da"," ","0.053798","$89.49","Wrapped Ether(WETH)","0.00002898"
"0x85ead3fc176518f40ad8187a9308229525bda8e0bd812dcff72a1b51b0743820","Success","ERC-20","Deposit ETH","25304206","11 mins ago","0x0000000000000000000000000000000000000000","CSB1.eth","0x3d9A1E9bd2ACd1F10Cf88AE2bEd6F498858001ca"," ","0.053798","$0.00","Aave Ethereum Lido WETH(aEthLidoWETH)","0.00002898"
"0xc470a6975101098162da346e787afa56d8818762049f10b4ea6e28075d0cdc70","Success","ERC-20","Supply","25304206","11 mins ago","0x92bd2a9908bDDcc43ADF259b5c61e79b0E2AB99E"," ","0x5ee5bf7ae06d1be5997a1a72006fe6c607ec6de8"," Aave: Ethereum WBTC V3","0.006","$380.21","Wrapped BTC(WBTC)","0.00003173"
"0xc470a6975101098162da346e787afa56d8818762049f10b4ea6e28075d0cdc70","Success","Tx","Supply","25304206","11 mins ago","0x92bd2a9908bDDcc43ADF259b5c61e79b0E2AB99E"," ","0x87870bca3f3fd6335c3f4ce8392d69350b4fa4e2"," Aave: Pool V3","0","$0.00","Ethereum(ETH)","0.00003173"
"0x4971deb00510a9ae8d8a97ca6dc34ecc0009c5e50109f6ec611b8b9fc2a60cc8","Success","Tx","Supply","25304206","11 mins ago","0x8797F372e0720e0e1c6179c1e780d074a5861FE6"," ","0x87870bca3f3fd6335c3f4ce8392d69350b4fa4e2"," Aave: Pool V3","0","$0.00","Ethereum(ETH)","0.00002211"
"0x85ead3fc176518f40ad8187a9308229525bda8e0bd812dcff72a1b51b0743820","Success","Tx","Deposit ETH","25304206","11 mins ago","0x3d9A1E9bd2ACd1F10Cf88AE2bEd6F498858001ca"," ","0x3167c452fa3fa1e5c16bb83bc0fde4519c464299"," Aave: Prime Market Wrapped Token Gateway V3","0.053798","$89.49","Ethereum(ETH)","0.00002898"
"0x85ead3fc176518f40ad8187a9308229525bda8e0bd812dcff72a1b51b0743820","Success","Internal Tx","Deposit ETH","25304206","11 mins ago","0x3167c452fa3fa1e5c16bb83bc0fde4519c464299","Aave: Prime Market Wrapped Token Gateway V3","0xc02aaa39b223fe8d0a0e5c4f27ead9083c756cc2"," Jdssk.uni.eth","0.053798","$89.49","Ethereum(ETH)","0.00002898"
"0xc470a6975101098162da346e787afa56d8818762049f10b4ea6e28075d0cdc70","Success","ERC-20","Supply","25304206","11 mins ago","0x0000000000000000000000000000000000000000","CSB1.eth","0x92bd2a9908bDDcc43ADF259b5c61e79b0E2AB99E"," ","0.006","$381.57","Aave Ethereum WBTC(aEthWBTC)","0.00003173"
"0x4971deb00510a9ae8d8a97ca6dc34ecc0009c5e50109f6ec611b8b9fc2a60cc8","Success","ERC-20","Supply","25304206","11 mins ago","0x8797F372e0720e0e1c6179c1e780d074a5861FE6"," ","0x23878914efe38d27c4d67ab83ed1b93a74d4086a"," Aave: Ethereum USDT","60,002.53","$59,968.69","Tether USD(USDT)","0.00002211"
"0x4971deb00510a9ae8d8a97ca6dc34ecc0009c5e50109f6ec611b8b9fc2a60cc8","Success","ERC-20","Supply","25304206","11 mins ago","0x0000000000000000000000000000000000000000","CSB1.eth","0x8797F372e0720e0e1c6179c1e780d074a5861FE6"," ","60,002.53","$59,964.13","Aave Ethereum USDT(aEthUSDT)","0.00002211"
"0xfeeb6457f0177182005efc76340c00230f284da15243944668caa9efc93b074d","Success","ERC-20","Supply","25304202","12 mins ago","0x92bd2a9908bDDcc43ADF259b5c61e79b0E2AB99E"," ","0x5c647ce0ae10658ec44fa4e11a51c96e94efd1dd"," Aave: aEthcbBTC Token","0.006","$380.97","Coinbase Wrapped BTC(cbBTC)","0.00003254"
"0xfeeb6457f0177182005efc76340c00230f284da15243944668caa9efc93b074d","Success","ERC-20","Supply","25304202","12 mins ago","0x0000000000000000000000000000000000000000","CSB1.eth","0x92bd2a9908bDDcc43ADF259b5c61e79b0E2AB99E"," ","0.006","$0.00","Aave Ethereum cbBTC(aEthcbBTC)","0.00003254"
"0xfeeb6457f0177182005efc76340c00230f284da15243944668caa9efc93b074d","Success","Tx","Supply","25304202","12 mins ago","0x92bd2a9908bDDcc43ADF259b5c61e79b0E2AB99E"," ","0x87870bca3f3fd6335c3f4ce8392d69350b4fa4e2"," Aave: Pool V3","0","$0.00","Ethereum(ETH)","0.00003254"
"0x832a37cc77e9396bc7bb88c562d986ce22c01ef242dad70cfaac798a4fd9dc3f","Success","ERC-20","Deposit ETH","25304188","15 mins ago","0x0000000000000000000000000000000000000000","CSB1.eth","0x6BDB37efE8097b76270783622d43d0bb33187144"," ","0.100034","$166.74","Aave Ethereum WETH(aEthWETH)","0.00003637"
"0x832a37cc77e9396bc7bb88c562d986ce22c01ef242dad70cfaac798a4fd9dc3f","Success","Tx","Deposit ETH","25304188","15 mins ago","0x6BDB37efE8097b76270783622d43d0bb33187144"," ","0xd01607c3c5ecaba394d8be377a08590149325722"," Aave: ETH Staking Contract","0.1","$166.34","Ethereum(ETH)","0.00003637"
"0x832a37cc77e9396bc7bb88c562d986ce22c01ef242dad70cfaac798a4fd9dc3f","Success","Internal Tx","Deposit ETH","25304188","15 mins ago","0xd01607c3c5ecaba394d8be377a08590149325722","Aave: ETH Staking Contract","0xc02aaa39b223fe8d0a0e5c4f27ead9083c756cc2"," Jdssk.uni.eth","0.1","$166.34","Ethereum(ETH)","0.00003637"
"0x832a37cc77e9396bc7bb88c562d986ce22c01ef242dad70cfaac798a4fd9dc3f","Success","ERC-20","Deposit ETH","25304188","15 mins ago","0xd01607c3c5ecaba394d8be377a08590149325722","Aave: ETH Staking Contract","0x4d5f47fa6a74757f35c14fd3a6ef8e3c9bc514e8"," Aave: Ethereum WETH V3","0.1","$166.34","Wrapped Ether(WETH)","0.00003637"
"0x9d207403dfa7f37e805cf2f5e4b806cf20ead60d993a6e27b14c97b0ce22785a","Success","ERC-20","Supply","25304155","22 mins ago","0xfD0b94905D0d9Cbc7F5Ddb4BaB9f81B22619407E"," ","0x5ee5bf7ae06d1be5997a1a72006fe6c607ec6de8"," Aave: Ethereum WBTC V3","0.098882","$6,266.06","Wrapped BTC(WBTC)","0.00033263"
"0x9d207403dfa7f37e805cf2f5e4b806cf20ead60d993a6e27b14c97b0ce22785a","Success","ERC-20","Supply","25304155","22 mins ago","0x0000000000000000000000000000000000000000","CSB1.eth","0xfD0b94905D0d9Cbc7F5Ddb4BaB9f81B22619407E"," ","0.098882","$6,287.62","Aave Ethereum WBTC(aEthWBTC)","0.00033263"
"0x9d207403dfa7f37e805cf2f5e4b806cf20ead60d993a6e27b14c97b0ce22785a","Success","Tx","Supply","25304155","22 mins ago","0xfD0b94905D0d9Cbc7F5Ddb4BaB9f81B22619407E"," ","0x87870bca3f3fd6335c3f4ce8392d69350b4fa4e2"," Aave: Pool V3","0","$0.00","Ethereum(ETH)","0.00033263"
"0x185392ae4a0becf440be626944f0894da64386f0ec89bdf1de23bf582e841aa3","Success","ERC-20","Supply","25304148","23 mins ago","0x0000000000000000000000000000000000000000","CSB1.eth","0x5FDCD2b66866473c94c2cb27D2125A2E75082Ca4"," ","160,006.426052","$159,904.02","Aave Ethereum USDT(aEthUSDT)","0.00003549"
"0x185392ae4a0becf440be626944f0894da64386f0ec89bdf1de23bf582e841aa3","Success","Tx","Supply","25304148","23 mins ago","0x5FDCD2b66866473c94c2cb27D2125A2E75082Ca4"," ","0x87870bca3f3fd6335c3f4ce8392d69350b4fa4e2"," Aave: Pool V3","0","$0.00","Ethereum(ETH)","0.00003549"
"0x185392ae4a0becf440be626944f0894da64386f0ec89bdf1de23bf582e841aa3","Success","ERC-20","Supply","25304148","23 mins ago","0x5FDCD2b66866473c94c2cb27D2125A2E75082Ca4"," ","0x23878914efe38d27c4d67ab83ed1b93a74d4086a"," Aave: Ethereum USDT","160,006.419537","$159,916.18","Tether USD(USDT)","0.00003549"
"0xa0cd6e5d734b651bc348b381039b537cbceffc9a7e6a46f3848d97527cc39547","Success","Tx","Supply","25304132","26 mins ago","0x8797F372e0720e0e1c6179c1e780d074a5861FE6"," ","0x87870bca3f3fd6335c3f4ce8392d69350b4fa4e2"," Aave: Pool V3","0","$0.00","Ethereum(ETH)","0.00002072"
"0xa0cd6e5d734b651bc348b381039b537cbceffc9a7e6a46f3848d97527cc39547","Success","ERC-20","Supply","25304132","26 mins ago","0x8797F372e0720e0e1c6179c1e780d074a5861FE6"," ","0x23878914efe38d27c4d67ab83ed1b93a74d4086a"," Aave: Ethereum USDT","59,995.935916","$59,962.10","Tether USD(USDT)","0.00002072"
"0xa0cd6e5d734b651bc348b381039b537cbceffc9a7e6a46f3848d97527cc39547","Success","ERC-20","Supply","25304132","26 mins ago","0x0000000000000000000000000000000000000000","CSB1.eth","0x8797F372e0720e0e1c6179c1e780d074a5861FE6"," ","59,995.935914","$59,957.54","Aave Ethereum USDT(aEthUSDT)","0.00002072"
"0xa59eee3b6212725b2faecee6139f8b530c3047dfd6624766b531f1961e144776","Success","Tx","Supply","25304129","27 mins ago","0x7De07Bb8A43C1953a019906CF2c8287Dae478be9"," ","0x87870bca3f3fd6335c3f4ce8392d69350b4fa4e2"," Aave: Pool V3","0","$0.00","Ethereum(ETH)","0.00032821"
"0xa59eee3b6212725b2faecee6139f8b530c3047dfd6624766b531f1961e144776","Success","ERC-20","Supply","25304129","27 mins ago","0x0000000000000000000000000000000000000000","CSB1.eth","0x7De07Bb8A43C1953a019906CF2c8287Dae478be9"," ","10.000002","$635,870.14","Aave Ethereum WBTC(aEthWBTC)","0.00032821"
"0xa59eee3b6212725b2faecee6139f8b530c3047dfd6624766b531f1961e144776","Success","ERC-20","Supply","25304129","27 mins ago","0x7De07Bb8A43C1953a019906CF2c8287Dae478be9"," ","0x5ee5bf7ae06d1be5997a1a72006fe6c607ec6de8"," Aave: Ethereum WBTC V3","10","$633,688.84","Wrapped BTC(WBTC)","0.00032821"
"0x0757399190e4ce8e2af84ffb66d4f6f749b7f85ac52987507ea58c6bb5781065","Success","ERC-20","Supply","25304118","29 mins ago","0x0000000000000000000000000000000000000000","CSB1.eth","0x8797F372e0720e0e1c6179c1e780d074a5861FE6"," ","59,995.930729","$59,957.53","Aave Ethereum USDT(aEthUSDT)","0.00001953"
"0x0757399190e4ce8e2af84ffb66d4f6f749b7f85ac52987507ea58c6bb5781065","Success","Tx","Supply","25304118","29 mins ago","0x8797F372e0720e0e1c6179c1e780d074a5861FE6"," ","0x87870bca3f3fd6335c3f4ce8392d69350b4fa4e2"," Aave: Pool V3","0","$0.00","Ethereum(ETH)","0.00001953"
"0x0757399190e4ce8e2af84ffb66d4f6f749b7f85ac52987507ea58c6bb5781065","Success","ERC-20","Supply","25304118","29 mins ago","0x8797F372e0720e0e1c6179c1e780d074a5861FE6"," ","0x23878914efe38d27c4d67ab83ed1b93a74d4086a"," Aave: Ethereum USDT","59,995.93073","$59,962.09","Tether USD(USDT)","0.00001953"
"0xe7c58279660daa464ac985bef35155afee12e2002ce5818ab6796d5e46d77a71","Success","ERC-20","Supply","25304111","30 mins ago","0x0000000000000000000000000000000000000000","CSB1.eth","0xaDf84b95DbaC3dA51300Df4002968C932400cca3"," ","3,129.750038","$3,127.75","Aave Ethereum USDT(aEthUSDT)","0.00010102"
"0xe7c58279660daa464ac985bef35155afee12e2002ce5818ab6796d5e46d77a71","Success","ERC-20","Supply","25304111","30 mins ago","0xaDf84b95DbaC3dA51300Df4002968C932400cca3"," ","0x23878914efe38d27c4d67ab83ed1b93a74d4086a"," Aave: Ethereum USDT","3,129.750039","$3,127.98","Tether USD(USDT)","0.00010102"
"0xe7c58279660daa464ac985bef35155afee12e2002ce5818ab6796d5e46d77a71","Success","Tx","Supply","25304111","30 mins ago","0xaDf84b95DbaC3dA51300Df4002968C932400cca3"," ","0x87870bca3f3fd6335c3f4ce8392d69350b4fa4e2"," Aave: Pool V3","0","$0.00","Ethereum(ETH)","0.00010102"
"0x909cc307171cc171fadcbbae99352c8b5139229dd5fe4bba16bc301f7cfe6d26","Success","ERC-20","Supply","25304107","31 mins ago","0x0000000000000000000000000000000000000000","CSB1.eth","0x0F94bF92cefc8561F1b0bFF142b6EF87c69F2e41"," ","1.369418","$1.37","Aave Ethereum USDC(aEthUSDC)","0.00001574"
"0x909cc307171cc171fadcbbae99352c8b5139229dd5fe4bba16bc301f7cfe6d26","Success","ERC-20","Supply","25304107","31 mins ago","0x0F94bF92cefc8561F1b0bFF142b6EF87c69F2e41"," ","0x98c23e9d8f34fefb1b7bd6a91b7ff122f4e16f5c"," Aave: USDC V3","1.366621","$1.37","USDC(USDC)","0.00001574"
"0x909cc307171cc171fadcbbae99352c8b5139229dd5fe4bba16bc301f7cfe6d26","Success","Tx","Supply","25304107","31 mins ago","0x0F94bF92cefc8561F1b0bFF142b6EF87c69F2e41"," ","0x87870bca3f3fd6335c3f4ce8392d69350b4fa4e2"," Aave: Pool V3","0","$0.00","Ethereum(ETH)","0.00001574"
"0x43863773ef1be4d968e245461fff5a3d79fa91ff3ade3bf643c79983fe6437e9","Success","ERC-20","Deposit ETH","25304098","33 mins ago","0x0000000000000000000000000000000000000000","CSB1.eth","0x5Ab3C7D178575a45C0d1e2059EF8458f8CE6D187"," ","6.227248","$10,380.08","Aave Ethereum WETH(aEthWETH)","0.00033617"
"0xa67ed7e49e5e7bef8ef39194d5c4a8e0e4f022175e12bff2a692a18dd487ba3c","Success","Tx","Deposit ETH","25304098","33 mins ago","0xd7D81222f3B7557Bfc986377a58b183A899d0d7b"," ","0xd01607c3c5ecaba394d8be377a08590149325722"," Aave: ETH Staking Contract","0.195","$324.36","Ethereum(ETH)","0.00032287"
"0xa67ed7e49e5e7bef8ef39194d5c4a8e0e4f022175e12bff2a692a18dd487ba3c","Success","ERC-20","Deposit ETH","25304098","33 mins ago","0xd01607c3c5ecaba394d8be377a08590149325722","Aave: ETH Staking Contract","0x4d5f47fa6a74757f35c14fd3a6ef8e3c9bc514e8"," Aave: Ethereum WETH V3","0.195","$324.36","Wrapped Ether(WETH)","0.00032287"
"0x43863773ef1be4d968e245461fff5a3d79fa91ff3ade3bf643c79983fe6437e9","Success","Internal Tx","Deposit ETH","25304098","33 mins ago","0xd01607c3c5ecaba394d8be377a08590149325722","Aave: ETH Staking Contract","0xc02aaa39b223fe8d0a0e5c4f27ead9083c756cc2"," Jdssk.uni.eth","6.16","$10,246.36","Ethereum(ETH)","0.00033617"
"0xa67ed7e49e5e7bef8ef39194d5c4a8e0e4f022175e12bff2a692a18dd487ba3c","Success","Internal Tx","Deposit ETH","25304098","33 mins ago","0xd01607c3c5ecaba394d8be377a08590149325722","Aave: ETH Staking Contract","0xc02aaa39b223fe8d0a0e5c4f27ead9083c756cc2"," Jdssk.uni.eth","0.195","$324.36","Ethereum(ETH)","0.00032287"
"0x43863773ef1be4d968e245461fff5a3d79fa91ff3ade3bf643c79983fe6437e9","Success","ERC-20","Deposit ETH","25304098","33 mins ago","0xd01607c3c5ecaba394d8be377a08590149325722","Aave: ETH Staking Contract","0x4d5f47fa6a74757f35c14fd3a6ef8e3c9bc514e8"," Aave: Ethereum WETH V3","6.16","$10,246.36","Wrapped Ether(WETH)","0.00033617"
"0x43863773ef1be4d968e245461fff5a3d79fa91ff3ade3bf643c79983fe6437e9","Success","Tx","Deposit ETH","25304098","33 mins ago","0x5Ab3C7D178575a45C0d1e2059EF8458f8CE6D187"," ","0xd01607c3c5ecaba394d8be377a08590149325722"," Aave: ETH Staking Contract","6.16","$10,246.36","Ethereum(ETH)","0.00033617"
"0xa67ed7e49e5e7bef8ef39194d5c4a8e0e4f022175e12bff2a692a18dd487ba3c","Success","ERC-20","Deposit ETH","25304098","33 mins ago","0x0000000000000000000000000000000000000000","CSB1.eth","0xd7D81222f3B7557Bfc986377a58b183A899d0d7b"," ","0.195413","$325.73","Aave Ethereum WETH(aEthWETH)","0.00032287"
"0x87783caf1b5de26957f2a6cce3d62fa8336fa6bc870551b4a6c7adb150da56b4","Success","ERC-20","Supply","25304091","34 mins ago","0x80f40ed437d2b597c04317badd9238ff7e2bf230"," ","0x5fefd7069a7d91d01f269dade14526ccf3487810"," Aave V3: aEtheBTC Token","0.015","$966.89","ether.fi BTC(eBTC)","0.0001134"
"0x87783caf1b5de26957f2a6cce3d62fa8336fa6bc870551b4a6c7adb150da56b4","Success","ERC-20","Supply","25304091","34 mins ago","0x0000000000000000000000000000000000000000","CSB1.eth","0x80f40ed437d2b597c04317badd9238ff7e2bf230"," ","0.014999","$0.00","Aave Ethereum eBTC(aEtheBTC)","0.0001134"
"0x87783caf1b5de26957f2a6cce3d62fa8336fa6bc870551b4a6c7adb150da56b4","Success","Tx","Supply","25304091","34 mins ago","0x80f40ed437d2b597c04317badd9238ff7e2bf230"," ","0x87870bca3f3fd6335c3f4ce8392d69350b4fa4e2"," Aave: Pool V3","0","$0.00","Ethereum(ETH)","0.0001134"
"0x9d1dae60303ef4da89e522ab3d9dd995dc610b60d3834dbea8846cf1845e3ca9","Success","ERC-20","Supply","25304087","35 mins ago","0x0000000000000000000000000000000000000000","CSB1.eth","0x5FDCD2b66866473c94c2cb27D2125A2E75082Ca4"," ","0.199999","$0.00","Aave Ethereum cbBTC(aEthcbBTC)","0.00004008"
"0x9d1dae60303ef4da89e522ab3d9dd995dc610b60d3834dbea8846cf1845e3ca9","Success","ERC-20","Supply","25304087","35 mins ago","0x5FDCD2b66866473c94c2cb27D2125A2E75082Ca4"," ","0x5c647ce0ae10658ec44fa4e11a51c96e94efd1dd"," Aave: aEthcbBTC Token","0.2","$12,699.12","Coinbase Wrapped BTC(cbBTC)","0.00004008"
"0x9d1dae60303ef4da89e522ab3d9dd995dc610b60d3834dbea8846cf1845e3ca9","Success","Tx","Supply","25304087","35 mins ago","0x5FDCD2b66866473c94c2cb27D2125A2E75082Ca4"," ","0x87870bca3f3fd6335c3f4ce8392d69350b4fa4e2"," Aave: Pool V3","0","$0.00","Ethereum(ETH)","0.00004008"
"0xcb4a35f8b990fa03fecd382c58f11fc8f8dbeeac86a50fa0d8df3ce4e394b073","Success","ERC-20","Supply Collateral","25304082","36 mins ago","0x687f584fd1f4a4d9EB277c03A24Fe28f4b0675B7"," ","0xbbbbbbbbbb9cc5e90e3b3af64bdaf62c37eeffcb"," Morpho: Morpho","18,402.958683","$0.00","PT reUSD 25JUN2026(PT-reUSD-25JUN2026)","0.00000684"
"0xcb4a35f8b990fa03fecd382c58f11fc8f8dbeeac86a50fa0d8df3ce4e394b073","Success","Tx","Supply Collateral","25304082","36 mins ago","0x687f584fd1f4a4d9EB277c03A24Fe28f4b0675B7"," ","0xbbbbbbbbbb9cc5e90e3b3af64bdaf62c37eeffcb"," Morpho: Morpho","0","$0.00","Ethereum(ETH)","0.00000684"
"0x09697a95be78e9e3058f43968ee4da17d01c3422c9fdedb45abd4aaed6a15242","Success","ERC-20","Supply","25304081","36 mins ago","0x0000000000000000000000000000000000000000","CSB1.eth","0x5e4568c4d8343052a06ec8aab1e124af08b73248"," ","16.602885","$1,075.37","Aave Ethereum AAVE(aEthAAVE)","0.00031339"
"0x09697a95be78e9e3058f43968ee4da17d01c3422c9fdedb45abd4aaed6a15242","Success","ERC-20","Supply","25304081","36 mins ago","0x5e4568c4d8343052a06ec8aab1e124af08b73248"," ","0xa700b4eb416be35b2911fd5dee80678ff64ff6c9"," Aave: Ethereum AAVE V3","16.602885","$1,068.40","Aave Token(AAVE)","0.00031339"
"0x09697a95be78e9e3058f43968ee4da17d01c3422c9fdedb45abd4aaed6a15242","Success","Tx","Supply","25304081","36 mins ago","0x5e4568c4d8343052a06ec8aab1e124af08b73248"," ","0x87870bca3f3fd6335c3f4ce8392d69350b4fa4e2"," Aave: Pool V3","0","$0.00","Ethereum(ETH)","0.00031339"
"0x740164886c434d68726a2310cfdef3c01caa6673a85a3045d2529bcd94f82432","Success","ERC-20","Supply","25304077","37 mins ago","0x772836982736cFA684c0dF6025c0A68F56bE6EDf"," ","0x98c23e9d8f34fefb1b7bd6a91b7ff122f4e16f5c"," Aave: USDC V3","14,026.51218","$14,024.17","USDC(USDC)","0.00002261"
"0x740164886c434d68726a2310cfdef3c01caa6673a85a3045d2529bcd94f82432","Success","ERC-20","Supply","25304077","37 mins ago","0x0000000000000000000000000000000000000000","CSB1.eth","0x772836982736cFA684c0dF6025c0A68F56bE6EDf"," ","14,026.512179","$14,022.16","Aave Ethereum USDC(aEthUSDC)","0.00002261"
"0x740164886c434d68726a2310cfdef3c01caa6673a85a3045d2529bcd94f82432","Success","Tx","Supply","25304077","37 mins ago","0x772836982736cFA684c0dF6025c0A68F56bE6EDf"," ","0x87870bca3f3fd6335c3f4ce8392d69350b4fa4e2"," Aave: Pool V3","0","$0.00","Ethereum(ETH)","0.00002261"
"0x08050f6feb750ba8ab79182e38122ce28c6bd086edf097f88555fec07f415ee2","Success","ERC-20","Supply","25304075","38 mins ago","0x0000000000000000000000000000000000000000","CSB1.eth","0x17DC779ca60969892c971Dd1f4cBe07eC5aC3b67"," ","810.673425","$0.00","Aave Ethereum sUSDe(aEthsUSDe)","0.00003084"
"0x08050f6feb750ba8ab79182e38122ce28c6bd086edf097f88555fec07f415ee2","Success","ERC-20","Supply","25304075","38 mins ago","0x17DC779ca60969892c971Dd1f4cBe07eC5aC3b67"," ","0x4579a27af00a62c0eb156349f31b345c08386419"," Aave: aEthsUSDe Token","810.673425","$997.13","Staked USDe(sUSDe)","0.00003084"
"0x08050f6feb750ba8ab79182e38122ce28c6bd086edf097f88555fec07f415ee2","Success","Tx","Supply","25304075","38 mins ago","0x17DC779ca60969892c971Dd1f4cBe07eC5aC3b67"," ","0x87870bca3f3fd6335c3f4ce8392d69350b4fa4e2"," Aave: Pool V3","0","$0.00","Ethereum(ETH)","0.00003084"
"0x66a435371d1f0571c0142e5c4db95c5010d57516d03a6ea187d30752b867a64b","Success","ERC-20","Deposit ETH","25304066","39 mins ago","0x0000000000000000000000000000000000000000","CSB1.eth","0x2f87f853dCF603b48D614CA8ba1EDb3363Eba12F"," ","0.00703","$11.72","Aave Ethereum WETH(aEthWETH)","0.00001959"
"0x66a435371d1f0571c0142e5c4db95c5010d57516d03a6ea187d30752b867a64b","Success","ERC-20","Deposit ETH","25304066","39 mins ago","0xd01607c3c5ecaba394d8be377a08590149325722","Aave: ETH Staking Contract","0x4d5f47fa6a74757f35c14fd3a6ef8e3c9bc514e8"," Aave: Ethereum WETH V3","0.007","$11.64","Wrapped Ether(WETH)","0.00001959"
"0x66a435371d1f0571c0142e5c4db95c5010d57516d03a6ea187d30752b867a64b","Success","Internal Tx","Deposit ETH","25304066","39 mins ago","0xd01607c3c5ecaba394d8be377a08590149325722","Aave: ETH Staking Contract","0xc02aaa39b223fe8d0a0e5c4f27ead9083c756cc2"," Jdssk.uni.eth","0.007","$11.64","Ethereum(ETH)","0.00001959"
"0x66a435371d1f0571c0142e5c4db95c5010d57516d03a6ea187d30752b867a64b","Success","Tx","Deposit ETH","25304066","39 mins ago","0x2f87f853dCF603b48D614CA8ba1EDb3363Eba12F"," ","0xd01607c3c5ecaba394d8be377a08590149325722"," Aave: ETH Staking Contract","0.007","$11.64","Ethereum(ETH)","0.00001959"
"0xe8bf8ca9d1a86943fbc53e47ada516d6758a392c92295f0ea5c0818268f916a3","Success","Tx","Supply","25304054","42 mins ago","0x772836982736cFA684c0dF6025c0A68F56bE6EDf"," ","0xbbbbbbbbbb9cc5e90e3b3af64bdaf62c37eeffcb"," Morpho: Morpho","0","$0.00","Ethereum(ETH)","0.00001029"
"0xe8bf8ca9d1a86943fbc53e47ada516d6758a392c92295f0ea5c0818268f916a3","Success","ERC-20","Supply","25304054","42 mins ago","0x772836982736cFA684c0dF6025c0A68F56bE6EDf"," ","0xbbbbbbbbbb9cc5e90e3b3af64bdaf62c37eeffcb"," Morpho: Morpho","9,900","$9,898.35","USDC(USDC)","0.00001029"
"0x4930672af5ba57ed12f6414f7401e036f208309826d1f85904b34e2f00bc28b1","Success","ERC-20","Supply","25304045","44 mins ago","0xB48D44629080C4283619580B7312B58251671b82"," ","0x98c23e9d8f34fefb1b7bd6a91b7ff122f4e16f5c"," Aave: USDC V3","4.672222","$4.67","USDC(USDC)","0.00001875"
"0x4930672af5ba57ed12f6414f7401e036f208309826d1f85904b34e2f00bc28b1","Success","ERC-20","Supply","25304045","44 mins ago","0x0000000000000000000000000000000000000000","CSB1.eth","0xB48D44629080C4283619580B7312B58251671b82"," ","4.672771","$4.67","Aave Ethereum USDC(aEthUSDC)","0.00001875"
"0x4930672af5ba57ed12f6414f7401e036f208309826d1f85904b34e2f00bc28b1","Success","Tx","Supply","25304045","44 mins ago","0xB48D44629080C4283619580B7312B58251671b82"," ","0x87870bca3f3fd6335c3f4ce8392d69350b4fa4e2"," Aave: Pool V3","0","$0.00","Ethereum(ETH)","0.00001875"